"SNP","CHROM","POS","REF","ALT","Effect","SE","X.FarmCPU"
"S2_48101058",2,48101058,"T","C",0.544524733272076,0.112772474301261,5.51132429131862e-07
"S6_19748354",6,19748354,"C","T",0.154245197515034,0.0348418551975428,4.85832368572023e-07
