"SNP","CHROM","POS","REF","ALT","Effect","SE","X.GLM"
"S4_18561541",4,18561541,"G","C",0.312872023809524,0.0563906539876807,9.21983370926994e-08
"S4_40027357",4,40027357,"G","A",0.230174081237911,0.0460503241156243,1.27382973152177e-06
