"SNP","CHROM","POS","REF","ALT","Effect","SE","X.MLM"
"S4_18561541",4,18561541,"G","C",0.312904879783912,0.0604888290202629,5.64924520306058e-07
