"SNP","CHROM","POS","REF","ALT","Effect","SE","X.FarmCPU"
"S2_48101058",2,48101058,"T","C",0.551576438887791,0.10357380201166,1.36777747363304e-08
"S3_8020543",3,8020543,"T","C",0.351300606686162,0.0906907960077251,3.62347017582839e-07
"S7_613684",7,613684,"T","A",0.204740197836704,0.0582194035740413,1.12106623861295e-06
"S7_4257528",7,4257528,"T","G",0.469546958634027,0.0769020276994033,3.83037505613164e-11
"S8_57314881",8,57314881,"C","G",0.536902352854562,0.115288708927859,6.05561055371346e-08
