"SNP","CHROM","POS","REF","ALT","Effect","SE","X.MLM"
"S4_18561541",4,18561541,"G","C",0.317559827799796,0.0631629970252625,1.1346360331254e-06
