"SNP","CHROM","POS","REF","ALT","Effect","SE","X.FarmCPU"
"S2_48101058",2,48101058,"T","C",0.551576438887791,0.10357380201166,1.36777747363275e-08
"S3_8020543",3,8020543,"T","C",0.351300606686165,0.0906907960077257,3.62347017582781e-07
"S7_613684",7,613684,"T","A",0.204740197836706,0.0582194035740415,1.12106623861142e-06
"S7_4257528",7,4257528,"T","G",0.469546958634028,0.0769020276994036,3.83037505612638e-11
"S8_57314881",8,57314881,"C","G",0.536902352854564,0.11528870892786,6.05561055370771e-08
