"SNP","CHROM","POS","REF","ALT","Effect","SE","X.GLM"
"S4_18561541",4,18561541,"G","C",0.317560032144578,0.0590306336783315,2.15748718376313e-07
"S4_40027357",4,40027357,"G","A",0.248075691036104,0.0490279400303352,9.77666507117172e-07
